[{
    "id" : "1" ,
    "nom" : "hombre",
    "date" : "17/02/2001",
    "desc" : "soy yo ibrahim jjdhdfhsdfjhdfhksdf",
    "imgArt" :"./articles/01.jpg" ,
    "imgs": [] ,
    "place": "rabat" ,
    "prix" : "20000" ,
    "categorie" : "anime"
    

},{
    "id" : "2" ,
    "nom" : "animal",
    "date" : "5/02/2001",
    "desc" : "soy yo ibra jjdhdfhsdfjhdfhksdf",
    "imgArt" :"./articles/02.jpg" ,
    "imgs": [] ,
    "place": "tokyo" ,
    "prix" : "30000" ,
    "categorie" : "movie"
    

}

]